File description:;OptiSoil input file containing soil stratigraphu information;;;;;;
File purpose:;Provide soil stratigraphy tops;;;;;;
File naming:;"""input_strata_{project_zone}.csv""";;;;;;
File format:;"Shall be saved as a semi-colon delimited, "".csv"" file";;;;;;
File location:;"Shall be saved in the asset project directory on the G: drive, in the ""G:\ ... {project_zone}\Workspaces\GA\OptiSoil\input files"" folder";;;;;;
Supporting documentation:;"General format and concepts defined in ""OpitSoil Input Files - Guidance notes"" Doreco no.: 08429509";;;;;;
;;;;;;;
***revision_history;;;;;;;
date;author;accuracy_level;checked;QA_level;document_number;reviewed;changelog
20251209;JONWH;4;JONWH;1;;;First version
;;;;;;;
::revision_history;Keeps track of input_file revision history;;;;;;
:date;Date of creation or modification of the file (yyyymmdd);;;;;;
:author;Initials of the GA engineer taking responsibility for the document content;;;;;;
:accuracy_level;An accuracy level (0-5) shall be assigned to the technical documentation relative to the project phases;;;;;;
:accuracy_level.choice;0;Design Calculations: Preliminary. Based on regional experience and/or approximate conditions described.;;;;;
:;;Examples of use: Determining whether a project can be outright rejected.;;;;;
:accuracy_level.choice;1;Design Calculations: Preliminary. Based on estimates of suitable parameters from similar/neighbouring projects.;;;;;
:;;Examples of use: Determine possible foundation concepts and preliminary budgets in early project development phases.;;;;;
:accuracy_level.choice;2;Design Calculations: Preliminary. Based on estimated stratigraphy combined with site-specific global parameters (GT1).;;;;;
:;;Examples of use: Diameter study;;;;;
:accuracy_level.choice;3;Design Calculations: Detailed. Based on position specific stratigraphy and soil parameters (GT2); input parameters still not fully finalised.;;;;
:;;Examples of use: Detailed design calculations;;;;;
:accuracy_level.choice;4;Design Calculations: Detailed. Based on detailed position specific stratigraphy and soil parameters; input parameters not necessarily documented or certified.;;;;
:;;Examples of use: Detailed design calculations;;;;;
:accuracy_level.choice;5;Design Calculations: Detailed. Based on certified stratigraphy and input parameters.;;;;;
:;;Examples of use: Final design calculations. Steel order.;;;;;
:checked;Initials of GA lead engineer performing quality control and assurance of the document;;;;;;
:QA_level;A QA framework (1-3) shall be considered in relation to the WTG foundation design process;;;;;;
:QA_level.choice;1;Must always be performed.;;;;;
:;;QA responsible: Preparer (self-check) - All geotechnical engineers (juniors to be assisted by appointed engineer).;;;;;
:QA_level.choice;2;For any deliverable outside Orsted's GEO dept.;;;;;
:;;QA responsible: Reviewer - Senior specialist appointed by line manager.;;;;;
:QA_level.choice;3;For any deliverable outside Orsted (e.g. to certification organisations, OEMs, JV partners);;;;;
:;;QA responsible: Reviewer - Senior Specialist appointed by line manager.;;;;;
:document_number;Associated DORECO document (GIR, memo etc.) number;;;;;;
:reviewed;Initials of senior specialist performing independent QA of input file content;;;;;;
:accepted;Initials of line management or senior specialist approval of ensuring consistent quality;;;;;;
:restrictions;Restrictions on use of the file;;;;;;
:changelog;Detail description of changes and motivation behind the changes introduced in this version of the file;;;;;;
;;;;;;;
**strata;;;;;;;
PIC01;;;;;;;
index;location;top_depth;bottom_depth;GSU;alt_GSU_name;;
-;text;m;m;text;text;;
0;PIC01_PLT_P01;0;2.17;A;;;
1;PIC01_PLT_P01;2.17;3.26;A;;;
2;PIC01_PLT_P01;3.26;8.24;B;;;
3;PIC01_PLT_P01;8.24;9.4;C;;;
4;PIC01_PLT_P01;9.4;10.38;B;;;
5;PIC01_PLT_P01;10.38;12.24;C;;;
6;PIC01_PLT_P01;12.24;12.78;B;;;
7;PIC01_PLT_P01;12.78;13.06;C;;;
8;PIC01_PLT_P01;13.06;19.16;B;;;
9;PIC01_PLT_P01;19.16;19.58;D;;;
10;PIC01_PLT_P01;19.58;20.04;E;;;
11;PIC01_PLT_P02;0;1.3;A;;;
12;PIC01_PLT_P02;1.3;1.54;C;;;
13;PIC01_PLT_P02;1.54;2.39;A;;;
14;PIC01_PLT_P02;2.39;4;A;;;
15;PIC01_PLT_P02;4;4.18;B;;;
16;PIC01_PLT_P02;4.18;4.4;C;;;
17;PIC01_PLT_P02;4.4;4.9;B;;;
18;PIC01_PLT_P02;4.9;5.28;C;;;
19;PIC01_PLT_P02;5.28;8.5;B;;;
20;PIC01_PLT_P02;8.5;9.7;C;;;
21;PIC01_PLT_P02;9.7;10.38;B;;;
22;PIC01_PLT_P02;10.38;10.7;C;;;
23;PIC01_PLT_P02;10.7;17.32;B;;;
24;PIC01_PLT_P02;17.32;17.5;D;;;
25;PIC01_PLT_P02;17.5;20.04;E;;;
26;PIC01_PLT_P03;0;2.32;A;;;
27;PIC01_PLT_P03;2.32;4;A;;;
28;PIC01_PLT_P03;4;4.68;B;;;
29;PIC01_PLT_P03;4.68;5.06;C;;;
30;PIC01_PLT_P03;5.06;5.3;B;;;
31;PIC01_PLT_P03;5.3;5.54;C;;;
32;PIC01_PLT_P03;5.54;8.58;B;;;
33;PIC01_PLT_P03;8.58;10.18;C;;;
34;PIC01_PLT_P03;10.18;18.34;B;;;
35;PIC01_PLT_P03;18.34;18.9;D;;;
36;PIC01_PLT_P03;18.9;20;E;;;
37;PIC01_PLT_P04;0;2.74;A;;;
38;PIC01_PLT_P04;2.74;4;A;;;
39;PIC01_PLT_P04;4;4.42;B;;;
40;PIC01_PLT_P04;4.42;4.76;C;;;
41;PIC01_PLT_P04;4.76;8.3;B;;;
42;PIC01_PLT_P04;8.3;9.44;C;;;
43;PIC01_PLT_P04;9.44;10.24;B;;;
44;PIC01_PLT_P04;10.24;10.68;C;;;
45;PIC01_PLT_P04;10.68;12.94;B;;;
46;PIC01_PLT_P04;12.94;13.64;C;;;
47;PIC01_PLT_P04;13.64;18.04;B;;;
48;PIC01_PLT_P04;18.04;18.72;D;;;
49;PIC01_PLT_P04;18.72;20.02;E;;;
50;PIC01_PLT_P05;0;2.78;A;;;
51;PIC01_PLT_P05;2.78;4;A;;;
52;PIC01_PLT_P05;4;4.22;B;;;
53;PIC01_PLT_P05;4.22;4.56;C;;;
54;PIC01_PLT_P05;4.56;8.28;B;;;
55;PIC01_PLT_P05;8.28;9.44;C;;;
56;PIC01_PLT_P05;9.44;10.44;B;;;
57;PIC01_PLT_P05;10.44;11.94;C;;;
58;PIC01_PLT_P05;11.94;13.92;B;;;
59;PIC01_PLT_P05;13.92;14.56;C;;;
60;PIC01_PLT_P05;14.56;18.84;B;;;
61;PIC01_PLT_P05;18.84;19.1;D;;;
62;PIC01_PLT_P05;19.1;20.02;E;;;
63;PIC01_PLT_P06;0;2.99;A;;;
64;PIC01_PLT_P06;2.99;4;A;;;
65;PIC01_PLT_P06;4;9.4;B;;;
66;PIC01_PLT_P06;9.4;10.58;C;;;
67;PIC01_PLT_P06;10.58;13.96;B;;;
68;PIC01_PLT_P06;13.96;14.44;C;;;
69;PIC01_PLT_P06;14.44;16.24;B;;;
70;PIC01_PLT_P06;16.24;16.46;C;;;
71;PIC01_PLT_P06;16.46;19.2;B;;;
72;PIC01_PLT_P06;19.2;20;D;;;
73;PIC01_PLT_P07;0;3.04;A;;;
74;PIC01_PLT_P07;3.04;3.56;A;;;
75;PIC01_PLT_P07;3.56;3.8;C;;;
76;PIC01_PLT_P07;3.8;4;A;;;
77;PIC01_PLT_P07;4;5;B;;;
78;PIC01_PLT_P07;5;5.58;C;;;
79;PIC01_PLT_P07;5.58;9.3;B;;;
80;PIC01_PLT_P07;9.3;10.42;C;;;
81;PIC01_PLT_P07;10.42;11.26;B;;;
82;PIC01_PLT_P07;11.26;11.5;C;;;
83;PIC01_PLT_P07;11.5;19.02;B;;;
84;PIC01_PLT_P07;19.02;20.02;D;;;
85;PIC01_PLT_P08;0;2.39;A;;;
86;PIC01_PLT_P08;2.39;4;A;;;
87;PIC01_PLT_P08;4;5.06;B;;;
88;PIC01_PLT_P08;5.06;5.64;C;;;
89;PIC01_PLT_P08;5.64;8.8;B;;;
90;PIC01_PLT_P08;8.8;9.94;C;;;
91;PIC01_PLT_P08;9.94;10.9;B;;;
92;PIC01_PLT_P08;10.9;12.42;C;;;
93;PIC01_PLT_P08;12.42;19.22;B;;;
94;PIC01_PLT_P08;19.22;20;D;;;
95;PIC01_PLT_P09;0;1.52;A;;;
96;PIC01_PLT_P09;1.52;1.76;C;;;
97;PIC01_PLT_P09;1.76;2.47;A;;;
98;PIC01_PLT_P09;2.47;2.62;A;;;
99;PIC01_PLT_P09;2.62;2.72;C;;;
100;PIC01_PLT_P09;2.72;5.1;A;;;
101;PIC01_PLT_P09;5.1;7.34;B;;;
102;PIC01_PLT_P09;7.34;8.22;C;;;
103;PIC01_PLT_P09;8.22;8.34;B;;;
104;PIC01_PLT_P09;8.34;8.5;C;;;
105;PIC01_PLT_P09;8.5;9.82;B;;;
106;PIC01_PLT_P09;9.82;10.94;C;;;
107;PIC01_PLT_P09;10.94;18.66;B;;;
108;PIC01_PLT_P09;18.66;18.9;D;;;
109;PIC01_PLT_P09;18.9;20;E;;;
110;PIC01_PLT_P10;0;2.49;A;;;
111;PIC01_PLT_P10;2.49;4.66;A;;;
112;PIC01_PLT_P10;4.66;5.42;C;;;
113;PIC01_PLT_P10;5.42;7.52;B;;;
114;PIC01_PLT_P10;7.52;8.38;C;;;
115;PIC01_PLT_P10;8.38;10.38;B;;;
116;PIC01_PLT_P10;10.38;11.26;C;;;
117;PIC01_PLT_P10;11.26;11.52;B;;;
118;PIC01_PLT_P10;11.52;11.9;C;;;
119;PIC01_PLT_P10;11.9;18.66;B;;;
120;PIC01_PLT_P10;18.66;19.02;D;;;
121;PIC01_PLT_P10;19.02;20.02;E;;;
122;PIC01_PLT_P11;0;2.61;A;;;
123;PIC01_PLT_P11;2.61;4.2;A;;;
124;PIC01_PLT_P11;4.2;6.3;B;;;
125;PIC01_PLT_P11;6.3;7.26;C;;;
126;PIC01_PLT_P11;7.26;8.72;B;;;
127;PIC01_PLT_P11;8.72;9.72;C;;;
128;PIC01_PLT_P11;9.72;10.84;B;;;
129;PIC01_PLT_P11;10.84;11.26;C;;;
130;PIC01_PLT_P11;11.26;19.06;B;;;
131;PIC01_PLT_P11;19.06;19.54;D;;;
132;PIC01_PLT_P11;19.54;20.02;E;;;
133;PIC01_PLT_R12;0;2.61;A;;;
134;PIC01_PLT_R12;2.61;4;A;;;
135;PIC01_PLT_R12;4;5.22;B;;;
136;PIC01_PLT_R12;5.22;5.46;C;;;
137;PIC01_PLT_R12;5.46;5.9;B;;;
138;PIC01_PLT_R12;5.9;6.12;C;;;
139;PIC01_PLT_R12;6.12;6.6;B;;;
140;PIC01_PLT_R12;6.6;6.82;C;;;
141;PIC01_PLT_R12;6.82;9;B;;;
142;PIC01_PLT_R12;9;10.26;C;;;
143;PIC01_PLT_R12;10.26;11.14;B;;;
144;PIC01_PLT_R12;11.14;11.46;C;;;
145;PIC01_PLT_R12;11.46;19.14;B;;;
146;PIC01_PLT_R12;19.14;19.54;D;;;
147;PIC01_PLT_R12;19.54;20.02;E;;;
148;PIC01_PLT_R1;0;0.5;UNDEFINED;;;
149;PIC01_PLT_R1;0.5;100;UNDEFINED;;;
150;PIC01_PLT_R2;0;0.5;UNDEFINED;;;
151;PIC01_PLT_R2;0.5;100;UNDEFINED;;;
152;PIC01_PLT_R2a;0;0.5;UNDEFINED;;;
153;PIC01_PLT_R2a;0.5;100;UNDEFINED;;;
154;PIC01_PLT_R2b;0;0.5;UNDEFINED;;;
155;PIC01_PLT_R2b;0.5;100;UNDEFINED;;;
156;PIC01_PLT_R3;0;0.5;UNDEFINED;;;
157;PIC01_PLT_R3;0.5;100;UNDEFINED;;;
158;PIC01_PLT_R4;0;0.5;UNDEFINED;;;
159;PIC01_PLT_R4;0.5;100;UNDEFINED;;;
160;PIC01_PLT_R5;0;0.5;UNDEFINED;;;
161;PIC01_PLT_R5;0.5;100;UNDEFINED;;;
162;PIC01_PLT_R6;0;0.5;UNDEFINED;;;
163;PIC01_PLT_R6;0.5;100;UNDEFINED;;;
164;PIC01_PLT_R6a;0;0.5;UNDEFINED;;;
165;PIC01_PLT_R6a;0.5;100;UNDEFINED;;;
166;PIC01_PLT_R7;0;0.5;UNDEFINED;;;
167;PIC01_PLT_R7;0.5;100;UNDEFINED;;;
168;PIC01_PLT_R8;0;0.5;UNDEFINED;;;
169;PIC01_PLT_R8;0.5;100;UNDEFINED;;;
170;PIC01_PLT_R8a;0;0.5;UNDEFINED;;;
171;PIC01_PLT_R8a;0.5;100;UNDEFINED;;;
172;PIC01_REC_1;0;1.6;A;;;
173;PIC01_REC_1;1.6;2.04;C;;;
174;PIC01_REC_1;2.04;2.41;A;;;
175;PIC01_REC_1;2.41;4.68;A;;;
176;PIC01_REC_1;4.68;4.88;C;;;
177;PIC01_REC_1;4.88;5.1;A;;;
178;PIC01_REC_1;5.1;6.36;B;;;
179;PIC01_REC_1;6.36;7.58;C;;;
180;PIC01_REC_1;7.58;8.98;B;;;
181;PIC01_REC_1;8.98;10.04;C;;;
182;PIC01_REC_1;10.04;10.78;B;;;
183;PIC01_REC_1;10.78;11.12;C;;;
184;PIC01_REC_1;11.12;15.86;B;;;
185;PIC01_REC_1;15.86;15.96;C;;;
186;PIC01_REC_1;15.96;18.84;B;;;
187;PIC01_REC_1;18.84;19.22;D;;;
188;PIC01_REC_1;19.22;20.18;E;;;
189;PIC01_REC_2;0;2.2;A;;;
190;PIC01_REC_2;2.2;4.12;A;;;
191;PIC01_REC_2;4.12;4.38;C;;;
192;PIC01_REC_2;4.38;8.2;B;;;
193;PIC01_REC_2;8.2;9.44;C;;;
194;PIC01_REC_2;9.44;9.58;B;;;
195;PIC01_REC_2;9.58;10.48;C;;;
196;PIC01_REC_2;10.48;12.82;B;;;
197;PIC01_REC_2;12.82;13.68;C;;;
198;PIC01_REC_2;13.68;17.52;B;;;
199;PIC01_REC_2;17.52;18.48;D;;;
200;PIC01_REC_2;18.48;20.2;E;;;
201;PIC01_REC_3;0;2.33;A;;;
202;PIC01_REC_3;2.33;4.9;A;;;
203;PIC01_REC_3;4.9;7;B;;;
204;PIC01_REC_3;7;7.1;C;;;
205;PIC01_REC_3;7.1;9.32;B;;;
206;PIC01_REC_3;9.32;10.02;C;;;
207;PIC01_REC_3;10.02;18.7;B;;;
208;PIC01_REC_3;18.7;19.18;D;;;
209;PIC01_REC_3;19.18;20.2;E;;;
210;PIC01_REC_4;0;2.32;A;;;
211;PIC01_REC_4;2.32;3.6;A;;;
212;PIC01_REC_4;3.6;3.72;C;;;
213;PIC01_REC_4;3.72;5;A;;;
214;PIC01_REC_4;5;9.42;B;;;
215;PIC01_REC_4;9.42;10.14;C;;;
216;PIC01_REC_4;10.14;11.22;B;;;
217;PIC01_REC_4;11.22;11.66;C;;;
218;PIC01_REC_4;11.66;18.36;B;;;
219;PIC01_REC_4;18.36;18.86;D;;;
220;PIC01_REC_4;18.86;20;E;;;
221;PIC01_REC_5;0;4.78;A;;;
222;PIC01_REC_5;4.78;5;A;;;
223;PIC01_REC_5;5;11.08;B;;;
224;PIC01_REC_5;11.08;14.08;C;;;
225;PIC01_REC_5;14.08;20.08;B;;;
226;PIC01_REC_6;0;2.15;A;;;
227;PIC01_REC_6;2.15;4.33;A;;;
228;PIC01_REC_6;4.33;8.3;B;;;
229;PIC01_REC_6;8.3;9.65;C;;;
230;PIC01_REC_6;9.65;12.5;B;;;
231;PIC01_REC_7;0;0.7;A;;;
232;PIC01_REC_7;0.7;1.54;C;;;
233;PIC01_REC_7;1.54;1.92;A;;;
234;PIC01_REC_7;1.92;2.58;C;;;
235;PIC01_REC_7;2.58;2.85;A;;;
236;PIC01_REC_7;2.85;3.16;A;;;
237;PIC01_REC_7;3.16;3.28;C;;;
238;PIC01_REC_7;3.28;4;A;;;
239;PIC01_REC_7;4;9.98;B;;;
240;PIC01_REC_7;9.98;10.54;C;;;
241;PIC01_REC_7;10.54;11.84;B;;;
242;PIC01_REC_7;11.84;12.8;C;;;
243;PIC01_REC_7;12.8;13.8;B;;;
244;PIC01_REC_7;13.8;14.28;C;;;
245;PIC01_REC_7;14.28;14.54;B;;;
246;PIC01_REC_7;14.54;14.78;C;;;
247;PIC01_REC_7;14.78;19.06;B;;;
248;PIC01_REC_7;19.06;19.3;D;;;
249;PIC01_REC_7;19.3;19.38;E;;;
250;PIC01_REC_8;0;0.5;A;;;
251;PIC01_REC_8;0.5;3.5;A;;;
252;PIC01_GTD_REC_CPT_1;0;0.88;A;;;
253;PIC01_GTD_REC_CPT_1;0.88;1.38;C;;;
254;PIC01_GTD_REC_CPT_1;1.38;2.38;A;;;
255;PIC01_GTD_REC_CPT_1;2.38;3.6;A;;;
256;PIC01_GTD_REC_CPT_1;3.6;4.62;B;;;
257;PIC01_GTD_REC_CPT_1;4.62;4.82;C;;;
258;PIC01_GTD_REC_CPT_1;4.82;4.96;B;;;
259;PIC01_GTD_REC_CPT_1;4.96;5.28;C;;;
260;PIC01_GTD_REC_CPT_1;5.28;6.46;B;;;
261;PIC01_GTD_REC_CPT_1;6.46;7.2;C;;;
262;PIC01_GTD_REC_CPT_1;7.2;8.76;B;;;
263;PIC01_GTD_REC_CPT_1;8.76;9.9;C;;;
264;PIC01_GTD_REC_CPT_1;9.9;10.56;B;;;
265;PIC01_GTD_REC_CPT_1;10.56;11.56;C;;;
266;PIC01_GTD_REC_CPT_1;11.56;18.5;B;;;
267;PIC01_GTD_REC_CPT_1;18.5;18.82;D;;;
268;PIC01_GTD_REC_CPT_1;18.82;19.94;E;;;
269;PIC01_GTD_REC_CPT_2;0;1.16;A;;;
270;PIC01_GTD_REC_CPT_2;1.16;1.54;C;;;
271;PIC01_GTD_REC_CPT_2;1.54;2.56;A;;;
272;PIC01_GTD_REC_CPT_2;2.56;3.1;A;;;
273;PIC01_GTD_REC_CPT_2;3.1;3.28;C;;;
274;PIC01_GTD_REC_CPT_2;3.28;4;A;;;
275;PIC01_GTD_REC_CPT_2;4;8.26;B;;;
276;PIC01_GTD_REC_CPT_2;8.26;8.36;C;;;
277;PIC01_GTD_REC_CPT_2;8.36;8.58;B;;;
278;PIC01_GTD_REC_CPT_2a;0;0.84;A;;;
279;PIC01_GTD_REC_CPT_2a;0.84;1.3;C;;;
280;PIC01_GTD_REC_CPT_2a;1.3;2.06;A;;;
281;PIC01_GTD_REC_CPT_2a;2.06;2.14;C;;;
282;PIC01_GTD_REC_CPT_2a;2.14;2.56;A;;;
283;PIC01_GTD_REC_CPT_2a;2.56;4;A;;;
284;PIC01_GTD_REC_CPT_2a;4;9.32;B;;;
285;PIC01_GTD_REC_CPT_2a;9.32;10.28;C;;;
286;PIC01_GTD_REC_CPT_2a;10.28;11.22;B;;;
287;PIC01_GTD_REC_CPT_2a;11.22;11.54;C;;;
288;PIC01_GTD_REC_CPT_2a;11.54;17;B;;;
289;PIC01_GTD_REC_CPT_2a;17;17.26;D;;;
290;PIC01_GTD_REC_CPT_2a;17.26;18.56;E;;;
291;PIC01_GTD_REC_CPT_3;0;0.7;A;;;
292;PIC01_GTD_REC_CPT_3;0.7;1.54;C;;;
293;PIC01_GTD_REC_CPT_3;1.54;1.92;A;;;
294;PIC01_GTD_REC_CPT_3;1.92;2.58;C;;;
295;PIC01_GTD_REC_CPT_3;2.58;2.85;A;;;
296;PIC01_GTD_REC_CPT_3;2.85;3.16;A;;;
297;PIC01_GTD_REC_CPT_3;3.16;3.28;C;;;
298;PIC01_GTD_REC_CPT_3;3.28;4;A;;;
299;PIC01_GTD_REC_CPT_3;4;9.98;B;;;
300;PIC01_GTD_REC_CPT_3;9.98;10.54;C;;;
301;PIC01_GTD_REC_CPT_3;10.54;11.84;B;;;
302;PIC01_GTD_REC_CPT_3;11.84;12.8;C;;;
303;PIC01_GTD_REC_CPT_3;12.8;13.8;B;;;
304;PIC01_GTD_REC_CPT_3;13.8;14.28;C;;;
305;PIC01_GTD_REC_CPT_3;14.28;14.54;B;;;
306;PIC01_GTD_REC_CPT_3;14.54;14.78;C;;;
307;PIC01_GTD_REC_CPT_3;14.78;19.06;B;;;
308;PIC01_GTD_REC_CPT_3;19.06;19.3;D;;;
309;PIC01_GTD_REC_CPT_3;19.3;19.38;E;;;
310;PIC01_GTD_REC_BH_1;0;2.38;A;;;
311;PIC01_GTD_REC_BH_1;2.38;4.25;A;;;
312;PIC01_GTD_REC_BH_1;4.25;8.7;B;;;
313;PIC01_GTD_REC_BH_1;8.7;10.3;C;;;
314;PIC01_GTD_REC_BH_1;10.3;18.45;B;;;
315;PIC01_GTD_REC_BH_1;18.45;18.68;D;;;
316;PIC01_GTD_REC_BH_1;18.68;20;E;;;
317;PIC01_GTD_REC_BH_1a;0;2.38;A;;;
318;PIC01_GTD_REC_BH_1a;2.38;4.25;A;;;
319;PIC01_GTD_REC_BH_1a;4.25;8.7;B;;;
320;PIC01_GTD_REC_BH_1a;8.7;10.3;C;;;
321;PIC01_GTD_REC_BH_1a;10.3;18.45;B;;;
322;PIC01_GTD_REC_BH_1a;18.45;18.68;D;;;
323;PIC01_GTD_REC_BH_1a;18.68;20;E;;;
324;PIC01_GTD_REC_BH_2;0;2.17;A;;;
325;PIC01_GTD_REC_BH_2;2.17;3.5;A;;;
326;PIC01_GTD_REC_BH_2;3.5;3.6;A;;;
327;PIC01_GTD_REC_BH_2a;0;2.15;A;;;
328;PIC01_GTD_REC_BH_2a;2.15;4.33;A;;;
329;PIC01_GTD_REC_BH_2a;4.33;8.3;B;;;
330;PIC01_GTD_REC_BH_2a;8.3;9.65;C;;;
331;PIC01_GTD_REC_BH_2a;9.65;12.5;B;;;
332;PIC01_GTD_REC_BH_3;0;2.32;A;;;
333;PIC01_GTD_REC_BH_3;2.32;4.93;A;;;
334;PIC01_GTD_REC_BH_3;4.93;8.95;B;;;
335;PIC01_GTD_REC_BH_3;8.95;10.84;C;;;
336;PIC01_GTD_REC_BH_3;10.84;18.58;B;;;
337;PIC01_GTD_REC_BH_3;18.58;19.65;D;;;
338;PIC01_GTD_REC_BH_3;19.65;20;E;;;
339;PIC01_GTD_REC_BH_4;0;2.28;A;;;
340;PIC01_GTD_REC_BH_4;2.28;5;A;;;
341;PIC01_GTD_REC_BH_4;5;9.85;B;;;
342;PIC01_GTD_REC_BH_4;9.85;11.05;C;;;
343;PIC01_GTD_REC_BH_4;11.05;11.5;B;;;
344;PIC01_GTD_REC_BH_4;11.5;11.86;C;;;
345;PIC01_GTD_REC_BH_4;11.86;16.5;B;;;
346;PIC01_GTD_REC_BH_5;0;4.78;A;;;
347;PIC01_GTD_REC_BH_5;4.78;5;A;;;
348;PIC01_GTD_REC_BH_5;5;11.08;B;;;
349;PIC01_GTD_REC_BH_5;11.08;14.08;C;;;
350;PIC01_GTD_REC_BH_5;14.08;20.08;B;;;
351;PIC01_GTD_PLT_CPT_P1;0;2.17;A;;;
352;PIC01_GTD_PLT_CPT_P1;2.17;3.26;A;;;
353;PIC01_GTD_PLT_CPT_P1;3.26;8.24;B;;;
354;PIC01_GTD_PLT_CPT_P1;8.24;9.4;C;;;
355;PIC01_GTD_PLT_CPT_P1;9.4;10.38;B;;;
356;PIC01_GTD_PLT_CPT_P1;10.38;12.24;C;;;
357;PIC01_GTD_PLT_CPT_P1;12.24;12.78;B;;;
358;PIC01_GTD_PLT_CPT_P1;12.78;13.06;C;;;
359;PIC01_GTD_PLT_CPT_P1;13.06;19.16;B;;;
360;PIC01_GTD_PLT_CPT_P1;19.16;19.58;D;;;
361;PIC01_GTD_PLT_CPT_P1;19.58;20.04;E;;;
362;PIC01_GTD_PLT_CPT_P2;0;1.3;A;;;
363;PIC01_GTD_PLT_CPT_P2;1.3;1.54;C;;;
364;PIC01_GTD_PLT_CPT_P2;1.54;2.39;A;;;
365;PIC01_GTD_PLT_CPT_P2;2.39;4;A;;;
366;PIC01_GTD_PLT_CPT_P2;4;4.18;B;;;
367;PIC01_GTD_PLT_CPT_P2;4.18;4.4;C;;;
368;PIC01_GTD_PLT_CPT_P2;4.4;4.9;B;;;
369;PIC01_GTD_PLT_CPT_P2;4.9;5.28;C;;;
370;PIC01_GTD_PLT_CPT_P2;5.28;8.5;B;;;
371;PIC01_GTD_PLT_CPT_P2;8.5;9.7;C;;;
372;PIC01_GTD_PLT_CPT_P2;9.7;10.38;B;;;
373;PIC01_GTD_PLT_CPT_P2;10.38;10.7;C;;;
374;PIC01_GTD_PLT_CPT_P2;10.7;17.32;B;;;
375;PIC01_GTD_PLT_CPT_P2;17.32;17.5;D;;;
376;PIC01_GTD_PLT_CPT_P2;17.5;20.04;E;;;
377;PIC01_GTD_PLT_CPT_P3;0;2.32;A;;;
378;PIC01_GTD_PLT_CPT_P3;2.32;4;A;;;
379;PIC01_GTD_PLT_CPT_P3;4;4.68;B;;;
380;PIC01_GTD_PLT_CPT_P3;4.68;5.06;C;;;
381;PIC01_GTD_PLT_CPT_P3;5.06;5.3;B;;;
382;PIC01_GTD_PLT_CPT_P3;5.3;5.54;C;;;
383;PIC01_GTD_PLT_CPT_P3;5.54;8.58;B;;;
384;PIC01_GTD_PLT_CPT_P3;8.58;10.18;C;;;
385;PIC01_GTD_PLT_CPT_P3;10.18;18.34;B;;;
386;PIC01_GTD_PLT_CPT_P3;18.34;18.9;D;;;
387;PIC01_GTD_PLT_CPT_P3;18.9;20;E;;;
388;PIC01_GTD_PLT_CPT_P4;0;2.74;A;;;
389;PIC01_GTD_PLT_CPT_P4;2.74;4;A;;;
390;PIC01_GTD_PLT_CPT_P4;4;4.42;B;;;
391;PIC01_GTD_PLT_CPT_P4;4.42;4.76;C;;;
392;PIC01_GTD_PLT_CPT_P4;4.76;8.3;B;;;
393;PIC01_GTD_PLT_CPT_P4;8.3;9.44;C;;;
394;PIC01_GTD_PLT_CPT_P4;9.44;10.24;B;;;
395;PIC01_GTD_PLT_CPT_P4;10.24;10.68;C;;;
396;PIC01_GTD_PLT_CPT_P4;10.68;12.94;B;;;
397;PIC01_GTD_PLT_CPT_P4;12.94;13.64;C;;;
398;PIC01_GTD_PLT_CPT_P4;13.64;18.04;B;;;
399;PIC01_GTD_PLT_CPT_P4;18.04;18.72;D;;;
400;PIC01_GTD_PLT_CPT_P4;18.72;20.02;E;;;
401;PIC01_GTD_PLT_CPT_P5;0;2.78;A;;;
402;PIC01_GTD_PLT_CPT_P5;2.78;4;A;;;
403;PIC01_GTD_PLT_CPT_P5;4;4.22;B;;;
404;PIC01_GTD_PLT_CPT_P5;4.22;4.56;C;;;
405;PIC01_GTD_PLT_CPT_P5;4.56;8.28;B;;;
406;PIC01_GTD_PLT_CPT_P5;8.28;9.44;C;;;
407;PIC01_GTD_PLT_CPT_P5;9.44;10.44;B;;;
408;PIC01_GTD_PLT_CPT_P5;10.44;11.94;C;;;
409;PIC01_GTD_PLT_CPT_P5;11.94;13.92;B;;;
410;PIC01_GTD_PLT_CPT_P5;13.92;14.56;C;;;
411;PIC01_GTD_PLT_CPT_P5;14.56;18.84;B;;;
412;PIC01_GTD_PLT_CPT_P5;18.84;19.1;D;;;
413;PIC01_GTD_PLT_CPT_P5;19.1;20.02;E;;;
414;PIC01_GTD_PLT_CPT_P6;0;2.99;A;;;
415;PIC01_GTD_PLT_CPT_P6;2.99;4;A;;;
416;PIC01_GTD_PLT_CPT_P6;4;9.4;B;;;
417;PIC01_GTD_PLT_CPT_P6;9.4;10.58;C;;;
418;PIC01_GTD_PLT_CPT_P6;10.58;13.96;B;;;
419;PIC01_GTD_PLT_CPT_P6;13.96;14.44;C;;;
420;PIC01_GTD_PLT_CPT_P6;14.44;16.24;B;;;
421;PIC01_GTD_PLT_CPT_P6;16.24;16.46;C;;;
422;PIC01_GTD_PLT_CPT_P6;16.46;19.2;B;;;
423;PIC01_GTD_PLT_CPT_P6;19.2;20;D;;;
424;PIC01_GTD_PLT_CPT_P7;0;3.04;A;;;
425;PIC01_GTD_PLT_CPT_P7;3.04;3.56;A;;;
426;PIC01_GTD_PLT_CPT_P7;3.56;3.8;C;;;
427;PIC01_GTD_PLT_CPT_P7;3.8;4;A;;;
428;PIC01_GTD_PLT_CPT_P7;4;5;B;;;
429;PIC01_GTD_PLT_CPT_P7;5;5.58;C;;;
430;PIC01_GTD_PLT_CPT_P7;5.58;9.3;B;;;
431;PIC01_GTD_PLT_CPT_P7;9.3;10.42;C;;;
432;PIC01_GTD_PLT_CPT_P7;10.42;11.26;B;;;
433;PIC01_GTD_PLT_CPT_P7;11.26;11.5;C;;;
434;PIC01_GTD_PLT_CPT_P7;11.5;19.02;B;;;
435;PIC01_GTD_PLT_CPT_P7;19.02;20.02;D;;;
436;PIC01_GTD_PLT_CPT_P8;0;2.39;A;;;
437;PIC01_GTD_PLT_CPT_P8;2.39;4;A;;;
438;PIC01_GTD_PLT_CPT_P8;4;5.06;B;;;
439;PIC01_GTD_PLT_CPT_P8;5.06;5.64;C;;;
440;PIC01_GTD_PLT_CPT_P8;5.64;8.8;B;;;
441;PIC01_GTD_PLT_CPT_P8;8.8;9.94;C;;;
442;PIC01_GTD_PLT_CPT_P8;9.94;10.9;B;;;
443;PIC01_GTD_PLT_CPT_P8;10.9;12.42;C;;;
444;PIC01_GTD_PLT_CPT_P8;12.42;19.22;B;;;
445;PIC01_GTD_PLT_CPT_P8;19.22;20;D;;;
446;PIC01_GTD_PLT_CPT_P9;0;1.52;A;;;
447;PIC01_GTD_PLT_CPT_P9;1.52;1.76;C;;;
448;PIC01_GTD_PLT_CPT_P9;1.76;2.47;A;;;
449;PIC01_GTD_PLT_CPT_P9;2.47;2.62;A;;;
450;PIC01_GTD_PLT_CPT_P9;2.62;2.72;C;;;
451;PIC01_GTD_PLT_CPT_P9;2.72;5.1;A;;;
452;PIC01_GTD_PLT_CPT_P9;5.1;7.34;B;;;
453;PIC01_GTD_PLT_CPT_P9;7.34;8.22;C;;;
454;PIC01_GTD_PLT_CPT_P9;8.22;8.34;B;;;
455;PIC01_GTD_PLT_CPT_P9;8.34;8.5;C;;;
456;PIC01_GTD_PLT_CPT_P9;8.5;9.82;B;;;
457;PIC01_GTD_PLT_CPT_P9;9.82;10.94;C;;;
458;PIC01_GTD_PLT_CPT_P9;10.94;18.66;B;;;
459;PIC01_GTD_PLT_CPT_P9;18.66;18.9;D;;;
460;PIC01_GTD_PLT_CPT_P9;18.9;20;E;;;
461;PIC01_GTD_PLT_CPT_P10;0;2.49;A;;;
462;PIC01_GTD_PLT_CPT_P10;2.49;4.66;A;;;
463;PIC01_GTD_PLT_CPT_P10;4.66;5.42;C;;;
464;PIC01_GTD_PLT_CPT_P10;5.42;7.52;B;;;
465;PIC01_GTD_PLT_CPT_P10;7.52;8.38;C;;;
466;PIC01_GTD_PLT_CPT_P10;8.38;10.38;B;;;
467;PIC01_GTD_PLT_CPT_P10;10.38;11.26;C;;;
468;PIC01_GTD_PLT_CPT_P10;11.26;11.52;B;;;
469;PIC01_GTD_PLT_CPT_P10;11.52;11.9;C;;;
470;PIC01_GTD_PLT_CPT_P10;11.9;18.66;B;;;
471;PIC01_GTD_PLT_CPT_P10;18.66;19.02;D;;;
472;PIC01_GTD_PLT_CPT_P10;19.02;20.02;E;;;
473;PIC01_GTD_PLT_CPT_P11;0;2.61;A;;;
474;PIC01_GTD_PLT_CPT_P11;2.61;4.2;A;;;
475;PIC01_GTD_PLT_CPT_P11;4.2;6.3;B;;;
476;PIC01_GTD_PLT_CPT_P11;6.3;7.26;C;;;
477;PIC01_GTD_PLT_CPT_P11;7.26;8.72;B;;;
478;PIC01_GTD_PLT_CPT_P11;8.72;9.72;C;;;
479;PIC01_GTD_PLT_CPT_P11;9.72;10.84;B;;;
480;PIC01_GTD_PLT_CPT_P11;10.84;11.26;C;;;
481;PIC01_GTD_PLT_CPT_P11;11.26;19.06;B;;;
482;PIC01_GTD_PLT_CPT_P11;19.06;19.54;D;;;
483;PIC01_GTD_PLT_CPT_P11;19.54;20.02;E;;;
484;PIC01_GTD_PLT_CPT_R12;0;2.61;A;;;
485;PIC01_GTD_PLT_CPT_R12;2.61;4;A;;;
486;PIC01_GTD_PLT_CPT_R12;4;5.22;B;;;
487;PIC01_GTD_PLT_CPT_R12;5.22;5.46;C;;;
488;PIC01_GTD_PLT_CPT_R12;5.46;5.9;B;;;
489;PIC01_GTD_PLT_CPT_R12;5.9;6.12;C;;;
490;PIC01_GTD_PLT_CPT_R12;6.12;6.6;B;;;
491;PIC01_GTD_PLT_CPT_R12;6.6;6.82;C;;;
492;PIC01_GTD_PLT_CPT_R12;6.82;9;B;;;
493;PIC01_GTD_PLT_CPT_R12;9;10.26;C;;;
494;PIC01_GTD_PLT_CPT_R12;10.26;11.14;B;;;
495;PIC01_GTD_PLT_CPT_R12;11.14;11.46;C;;;
496;PIC01_GTD_PLT_CPT_R12;11.46;19.14;B;;;
497;PIC01_GTD_PLT_CPT_R12;19.14;19.54;D;;;
498;PIC01_GTD_PLT_CPT_R12;19.54;20.02;E;;;
499;PIC01_GTD_REC_SCPT_1;0;1.34;A;;;
500;PIC01_GTD_REC_SCPT_1;1.34;1.8;C;;;
501;PIC01_GTD_REC_SCPT_1;1.8;2.41;A;;;
502;PIC01_GTD_REC_SCPT_1;2.41;4.42;A;;;
503;PIC01_GTD_REC_SCPT_1;4.42;4.56;C;;;
504;PIC01_GTD_REC_SCPT_1;4.56;5.1;A;;;
505;PIC01_GTD_REC_SCPT_1;5.1;6.36;B;;;
506;PIC01_GTD_REC_SCPT_1;6.36;7.5;C;;;
507;PIC01_GTD_REC_SCPT_1;7.5;8.94;B;;;
508;PIC01_GTD_REC_SCPT_1;8.94;9.96;C;;;
509;PIC01_GTD_REC_SCPT_1;9.96;10.78;B;;;
510;PIC01_GTD_REC_SCPT_1;10.78;11.36;C;;;
511;PIC01_GTD_REC_SCPT_1;11.36;11.68;B;;;
512;PIC01_GTD_REC_SCPT_1;11.68;11.84;C;;;
513;PIC01_GTD_REC_SCPT_1;11.84;18.84;B;;;
514;PIC01_GTD_REC_SCPT_1;18.84;19.36;D;;;
515;PIC01_GTD_REC_SCPT_1;19.36;20.18;E;;;
516;PIC01_GTD_REC_SCPT_1A;0;1.6;A;;;
517;PIC01_GTD_REC_SCPT_1A;1.6;2.04;C;;;
518;PIC01_GTD_REC_SCPT_1A;2.04;2.41;A;;;
519;PIC01_GTD_REC_SCPT_1A;2.41;4.68;A;;;
520;PIC01_GTD_REC_SCPT_1A;4.68;4.88;C;;;
521;PIC01_GTD_REC_SCPT_1A;4.88;5.1;A;;;
522;PIC01_GTD_REC_SCPT_1A;5.1;6.36;B;;;
523;PIC01_GTD_REC_SCPT_1A;6.36;7.58;C;;;
524;PIC01_GTD_REC_SCPT_1A;7.58;8.98;B;;;
525;PIC01_GTD_REC_SCPT_1A;8.98;10.04;C;;;
526;PIC01_GTD_REC_SCPT_1A;10.04;10.78;B;;;
527;PIC01_GTD_REC_SCPT_1A;10.78;11.12;C;;;
528;PIC01_GTD_REC_SCPT_1A;11.12;15.86;B;;;
529;PIC01_GTD_REC_SCPT_1A;15.86;15.96;C;;;
530;PIC01_GTD_REC_SCPT_1A;15.96;18.84;B;;;
531;PIC01_GTD_REC_SCPT_1A;18.84;19.22;D;;;
532;PIC01_GTD_REC_SCPT_1A;19.22;20.18;E;;;
533;PIC01_GTD_REC_SCPT_2;0;2.2;A;;;
534;PIC01_GTD_REC_SCPT_2;2.2;3.78;A;;;
535;PIC01_GTD_REC_SCPT_2;3.78;4.16;C;;;
536;PIC01_GTD_REC_SCPT_2;4.16;4.1;A;;;
537;PIC01_GTD_REC_SCPT_2;4.1;4.54;C;;;
538;PIC01_GTD_REC_SCPT_2;4.54;8.2;B;;;
539;PIC01_GTD_REC_SCPT_2;8.2;9.44;C;;;
540;PIC01_GTD_REC_SCPT_2;9.44;9.58;B;;;
541;PIC01_GTD_REC_SCPT_2;9.58;10.82;C;;;
542;PIC01_GTD_REC_SCPT_2;10.82;12.86;B;;;
543;PIC01_GTD_REC_SCPT_2;12.86;13.52;C;;;
544;PIC01_GTD_REC_SCPT_2;13.52;17.52;B;;;
545;PIC01_GTD_REC_SCPT_2;17.52;17.84;D;;;
546;PIC01_GTD_REC_SCPT_2;17.84;20.2;E;;;
547;PIC01_GTD_REC_SCPT_2A;0;2.2;A;;;
548;PIC01_GTD_REC_SCPT_2A;2.2;4.12;A;;;
549;PIC01_GTD_REC_SCPT_2A;4.12;4.38;C;;;
550;PIC01_GTD_REC_SCPT_2A;4.38;8.2;B;;;
551;PIC01_GTD_REC_SCPT_2A;8.2;9.44;C;;;
552;PIC01_GTD_REC_SCPT_2A;9.44;9.58;B;;;
553;PIC01_GTD_REC_SCPT_2A;9.58;10.48;C;;;
554;PIC01_GTD_REC_SCPT_2A;10.48;12.82;B;;;
555;PIC01_GTD_REC_SCPT_2A;12.82;13.68;C;;;
556;PIC01_GTD_REC_SCPT_2A;13.68;17.52;B;;;
557;PIC01_GTD_REC_SCPT_2A;17.52;18.48;D;;;
558;PIC01_GTD_REC_SCPT_2A;18.48;20.2;E;;;
559;PIC01_GTD_REC_SCPT_3;0;2.33;A;;;
560;PIC01_GTD_REC_SCPT_3;2.33;4.9;A;;;
561;PIC01_GTD_REC_SCPT_3;4.9;5.18;B;;;
562;PIC01_GTD_REC_SCPT_3;5.18;5.5;C;;;
563;PIC01_GTD_REC_SCPT_3;5.5;9.24;B;;;
564;PIC01_GTD_REC_SCPT_3;9.24;9.88;C;;;
565;PIC01_GTD_REC_SCPT_3;9.88;11.46;B;;;
566;PIC01_GTD_REC_SCPT_3;11.46;11.64;C;;;
567;PIC01_GTD_REC_SCPT_3;11.64;18.7;B;;;
568;PIC01_GTD_REC_SCPT_3;18.7;19.06;D;;;
569;PIC01_GTD_REC_SCPT_3;19.06;20.2;E;;;
570;PIC01_GTD_REC_SCPT_3A;0;2.33;A;;;
571;PIC01_GTD_REC_SCPT_3A;2.33;4.9;A;;;
572;PIC01_GTD_REC_SCPT_3A;4.9;7;B;;;
573;PIC01_GTD_REC_SCPT_3A;7;7.1;C;;;
574;PIC01_GTD_REC_SCPT_3A;7.1;9.32;B;;;
575;PIC01_GTD_REC_SCPT_3A;9.32;10.02;C;;;
576;PIC01_GTD_REC_SCPT_3A;10.02;18.7;B;;;
577;PIC01_GTD_REC_SCPT_3A;18.7;19.18;D;;;
578;PIC01_GTD_REC_SCPT_3A;19.18;20.2;E;;;
579;PIC01_GTD_REC_CPT_BH2;0;2.18;A;;;
580;PIC01_GTD_REC_CPT_BH2;2.18;3.78;A;;;
581;PIC01_GTD_REC_CPT_BH2;3.78;4.18;C;;;
582;PIC01_GTD_REC_CPT_BH2;4.18;4.3;A;;;
583;PIC01_GTD_REC_CPT_BH2;4.3;7.8;B;;;
584;PIC01_GTD_REC_CPT_BH2;7.8;9.76;C;;;
585;PIC01_GTD_REC_CPT_BH2;9.76;10;B;;;
586;PIC01_GTD_REC_CPT_BH2a;0;2.21;A;;;
587;PIC01_GTD_REC_CPT_BH2a;2.21;2.3;A;;;
588;PIC01_GTD_REC_CPT_BH2a;2.3;2.42;C;;;
589;PIC01_GTD_REC_CPT_BH2a;2.42;4.3;A;;;
590;PIC01_GTD_REC_CPT_BH2a;4.3;8;B;;;
591;PIC01_GTD_REC_CPT_BH2a;8;9.12;C;;;
592;PIC01_GTD_REC_CPT_BH2a;9.12;9.36;B;;;
593;PIC01_GTD_REC_CPT_BH2a;9.36;10;C;;;
594;PIC01_GTD_REC_CPT_BH4;0;1.56;A;;;
595;PIC01_GTD_REC_CPT_BH4;1.56;2.28;C;;;
596;PIC01_GTD_REC_CPT_BH4;2.28;2.48;C;;;
597;PIC01_GTD_REC_CPT_BH4;2.48;4.32;A;;;
598;PIC01_GTD_REC_CPT_BH4;4.32;4.5;C;;;
599;PIC01_GTD_REC_CPT_BH4;4.5;5;A;;;
600;PIC01_GTD_REC_CPT_BH4;5;9.84;B;;;
601;PIC01_GTD_REC_CPT_BH4;9.84;10.4;C;;;
602;PIC01_GTD_REC_CPT_BH4;10.4;11.04;B;;;
603;PIC01_GTD_REC_CPT_BH4;11.04;11.98;C;;;
604;PIC01_GTD_REC_CPT_BH4;11.98;18.92;B;;;
605;PIC01_GTD_REC_CPT_BH4;18.92;19.3;D;;;
606;PIC01_GTD_REC_CPT_BH4;19.3;20;E;;;
607;PIC01_GTD_REC_CPT_BH4a;0;2.32;A;;;
608;PIC01_GTD_REC_CPT_BH4a;2.32;3.6;A;;;
609;PIC01_GTD_REC_CPT_BH4a;3.6;3.72;C;;;
610;PIC01_GTD_REC_CPT_BH4a;3.72;5;A;;;
611;PIC01_GTD_REC_CPT_BH4a;5;9.42;B;;;
612;PIC01_GTD_REC_CPT_BH4a;9.42;10.14;C;;;
613;PIC01_GTD_REC_CPT_BH4a;10.14;11.22;B;;;
614;PIC01_GTD_REC_CPT_BH4a;11.22;11.66;C;;;
615;PIC01_GTD_REC_CPT_BH4a;11.66;18.36;B;;;
616;PIC01_GTD_REC_CPT_BH4a;18.36;18.86;D;;;
617;PIC01_GTD_REC_CPT_BH4a;18.86;20;E;;;
618;PIC01_GTD_REC_TP_1;0;0.5;A;;;
619;PIC01_GTD_REC_TP_1;0.5;3.5;A;;;
;;;;;;;
**strata;;;;;;;
PIC02;;;;;;;
index;location;top_depth;bottom_depth;GSU;alt_GSU_name;;
-;text;m;m;text;text;;
0;PIC02_REC_1;0;100;UNDEFINED;;;
1;PIC02_REC_2;0;100;UNDEFINED;;;
2;PIC02_REC_3;0;100;UNDEFINED;;;
3;PIC02_REC_4;0;100;UNDEFINED;;;
4;PIC02_REC_5;0;100;UNDEFINED;;;
5;PIC02_REC_6;0;100;UNDEFINED;;;
6;PIC02_REC_7;0;100;UNDEFINED;;;
7;PIC02_REC_8;0;100;UNDEFINED;;;
8;PIC02_REC_9;0;100;UNDEFINED;;;
9;PIC02_REC_R2;0;100;UNDEFINED;;;
10;PIC02_REC_R3;0;100;UNDEFINED;;;
11;PIC02_REC_R4;0;100;UNDEFINED;;;
12;PIC02_REC_R5;0;100;UNDEFINED;;;
13;PIC02_REC_R6;0;100;UNDEFINED;;;
14;PIC02_REC_R7;0;100;UNDEFINED;;;
15;PIC02_PLT_P1;0;1.7;CS-1a;;;
16;PIC02_PLT_P1;1.7;3.8;CS-1b;;;
17;PIC02_PLT_P1;3.8;8;CS-1b;;;
18;PIC02_PLT_P1;8;10;CS-1b;;;
19;PIC02_PLT_P1;10;12.8;CS-1c;;;
20;PIC02_PLT_P1;12.8;13.5;CS-1c;;;
21;PIC02_PLT_P1;13.5;14.6;CS-1d;;;
22;PIC02_PLT_P2;0;1.7;CS-1b;;;
23;PIC02_PLT_P2;1.7;3.4;CS-1b;;;
24;PIC02_PLT_P2;3.4;4;CS-1b;;;
25;PIC02_PLT_P2;4;6.9;CS-1b;;;
26;PIC02_PLT_P2;6.9;9;CS-1b;;;
27;PIC02_PLT_P2;9;10.7;CS-1b;;;
28;PIC02_PLT_P2;10.7;11.8;CS-1c;;;
29;PIC02_PLT_P2;11.8;13.5;CS-1c;;;
30;PIC02_PLT_P2;13.5;14.2;CS-1d;;;
31;PIC02_PLT_P2;14.2;15.36;CS-1d;;;
32;PIC02_PLT_P3;0;2;CS-1a;;;
33;PIC02_PLT_P3;2;2.5;CS-1b;;;
34;PIC02_PLT_P3;2.5;3.5;CS-1b;;;
35;PIC02_PLT_P3;3.5;6;CS-1b;;;
36;PIC02_PLT_P3;6;7.2;CS-1c;;;
37;PIC02_PLT_P3;7.2;8.2;CS-1c;;;
38;PIC02_PLT_P3;8.2;11;CS-1c;;;
39;PIC02_PLT_P3;11;12.6;CS-1c;;;
40;PIC02_PLT_P3;12.6;14.8;CS-1d;;;
41;PIC02_PLT_P3;14.8;16.2;CS-1d;;;
42;PIC02_PLT_P4;0;1.7;CS-1b;;;
43;PIC02_PLT_P4;1.7;3.5;CS-1b;;;
44;PIC02_PLT_P4;3.5;5.8;CS-1b;;;
45;PIC02_PLT_P4;5.8;7.2;CS-1c;;;
46;PIC02_PLT_P4;7.2;7.8;CS-1c;;;
47;PIC02_PLT_P4;7.8;11.7;CS-1c;;;
48;PIC02_PLT_P4;11.7;13;CS-1c;;;
49;PIC02_PLT_P4;13;14;CS-1c;;;
50;PIC02_PLT_P4;14;15;CS-1c;;;
51;PIC02_PLT_P4;15;15.7;CS-1d;;;
52;PIC02_PLT_P4;15.7;16.8;CS-1d;;;
53;PIC02_PLT_P5;0;2;CS-1a;;;
54;PIC02_PLT_P5;2;3.5;CS-1a;;;
55;PIC02_PLT_P5;3.5;6;CS-1a;;;
56;PIC02_PLT_P5;6;7;CS-1b;;;
57;PIC02_PLT_P5;7;8.1;CS-1b;;;
58;PIC02_PLT_P5;8.1;9.5;CS-1c;;;
59;PIC02_PLT_P5;9.5;11;CS-1c;;;
60;PIC02_PLT_P5;11;13;CS-1c;;;
61;PIC02_PLT_P5;13;15.4;CS-1d;;;
62;PIC02_PLT_P6;0;1.6;CS-1b;;;
63;PIC02_PLT_P6;1.6;4;CS-1b;;;
64;PIC02_PLT_P6;4;6;CS-1b;;;
65;PIC02_PLT_P6;6;9;CS-1c;;;
66;PIC02_PLT_P6;9;11.7;CS-1c;;;
67;PIC02_PLT_P6;11.7;13.3;CS-1c;;;
68;PIC02_PLT_P6;13.3;15.1;CS-1d;;;
69;PIC02_PLT_P6;15.1;16.3;CS-1d;;;
70;PIC02_PLT_P6;16.3;17.3;CS-1d;;;
71;PIC02_PLT_P7;0;1.7;CS-1b;;;
72;PIC02_PLT_P7;1.7;3.4;CS-1b;;;
73;PIC02_PLT_P7;3.4;6.6;CS-1b;;;
74;PIC02_PLT_P7;6.6;8;CS-1c;;;
75;PIC02_PLT_P7;8;9.5;CS-1c;;;
76;PIC02_PLT_P7;9.5;12;CS-1c;;;
77;PIC02_PLT_P7;12;13.5;CS-1c;;;
78;PIC02_PLT_P7;13.5;14.9;CS-1c;;;
79;PIC02_PLT_P7;14.9;15.66;CS-1c;;;
80;PIC02_PLT_P8;0;1.7;CS-1b;;;
81;PIC02_PLT_P8;1.7;2.5;CS-1b;;;
82;PIC02_PLT_P8;2.5;3.5;CS-1b;;;
83;PIC02_PLT_P8;3.5;4;CS-1b;;;
84;PIC02_PLT_P8;4;7;CS-1b;;;
85;PIC02_PLT_P8;7;7.8;CS-1b;;;
86;PIC02_PLT_P8;7.8;12;CS-1c;;;
87;PIC02_PLT_P8;12;13.2;CS-1c;;;
88;PIC02_PLT_P8;13.2;14.9;CS-1d;;;
89;PIC02_PLT_P8;14.9;15.55;CS-1d;;;
90;PIC02_PLT_P8;15.55;16.1;CS-1d;;;
91;PIC02_PLT_P8;16.1;17.8;CS-1d;;;
92;PIC02_PLT_P9;0;2.4;CS-1a;;;
93;PIC02_PLT_P9;2.4;3.3;CS-1a;;;
94;PIC02_PLT_P9;3.3;6.8;CS-1b;;;
95;PIC02_PLT_P9;6.8;10.2;CS-1c;;;
96;PIC02_PLT_P9;10.2;12;CS-1c;;;
97;PIC02_PLT_P9;12;13;CS-1c;;;
98;PIC02_PLT_P9;13;14.3;CS-1d;;;
99;PIC02_PLT_P10;0;1.7;CS-1b;;;
100;PIC02_PLT_P10;1.7;3;CS-1b;;;
101;PIC02_PLT_P10;3;4.3;CS-1b;;;
102;PIC02_PLT_P10;4.3;7.4;CS-1b;;;
103;PIC02_PLT_P10;7.4;10.2;CS-1c;;;
104;PIC02_PLT_P10;10.2;12.8;CS-1c;;;
105;PIC02_PLT_P10;12.8;15.94;CS-1d;;;
106;PIC02_PLT_P11;0;1.7;CS-1b;;;
107;PIC02_PLT_P11;1.7;2.9;CS-1b;;;
108;PIC02_PLT_P11;2.9;4;CS-1b;;;
109;PIC02_PLT_P11;4;6;CS-1b;;;
110;PIC02_PLT_P11;6;7.7;CS-1b;;;
111;PIC02_PLT_P11;7.7;8.8;CS-1c;;;
112;PIC02_PLT_P11;8.8;9.8;CS-1c;;;
113;PIC02_PLT_P11;9.8;12;CS-1c;;;
114;PIC02_PLT_P11;12;13;CS-1c;;;
115;PIC02_PLT_P11;13;13.7;CS-1c;;;
116;PIC02_PLT_P11;13.7;14.5;CS-1d;;;
117;PIC02_PLT_P11;14.5;15;CS-1d;;;
118;PIC02_PLT_P12;0;1.7;CS-1b;;;
119;PIC02_PLT_P12;1.7;2.7;CS-1b;;;
120;PIC02_PLT_P12;2.7;4;CS-1b;;;
121;PIC02_PLT_P12;4;7;CS-1b;;;
122;PIC02_PLT_P12;7;8.3;CS-1b;;;
123;PIC02_PLT_P12;8.3;10.7;CS-1c;;;
124;PIC02_PLT_P12;10.7;12.8;CS-1c;;;
125;PIC02_PLT_P12;12.8;14.2;CS-1c;;;
126;PIC02_PLT_P12;14.2;15.72;CS-1d;;;
127;PIC02_GTR_REC_CPT_1;0;100;UNDEFINED;;;
128;PIC02_GTR_REC_EH_1;0;100;UNDEFINED;;;
129;PIC02_GTR_REC_CPT_2;0;100;UNDEFINED;;;
130;PIC02_GTR_REC_CPT_3;0;100;UNDEFINED;;;
131;PIC02_GTR_REC_CPT_4;0;100;UNDEFINED;;;
132;PIC02_GTR_REC_CPT_5;0;100;UNDEFINED;;;
133;PIC02_GTR_REC_CPT_5a;0;100;UNDEFINED;;;
134;PIC02_GTR_REC_CPT_6;0;100;UNDEFINED;;;
135;PIC02_GTR_REC_CPT_6a;0;100;UNDEFINED;;;
136;PIC02_GTR_REC_CPT_7;0;100;UNDEFINED;;;
137;PIC02_GTR_REC_CPT_8;0;100;UNDEFINED;;;
138;PIC02_GTR_REC_CPT_9;0;100;UNDEFINED;;;
139;PIC02_GTD_REC_CPT_2;0;1.7;CS-1a;;;
140;PIC02_GTD_REC_CPT_2;1.7;3.3;CS-1b;;;
141;PIC02_GTD_REC_CPT_2;3.3;6.1;CS-1b;;;
142;PIC02_GTD_REC_CPT_2;6.1;8;CS-1b;;;
143;PIC02_GTD_REC_CPT_3;0;0.6;CS-1a;;;
144;PIC02_GTD_REC_CPT_3;0.6;1.4;CS-1a;;;
145;PIC02_GTD_REC_CPT_3;1.4;1.7;CS-1a;;;
146;PIC02_GTD_REC_CPT_3;1.7;2.16;CS-1b;;;
147;PIC02_GTD_REC_CPT_3;2.16;5.9;CS-1b;;;
148;PIC02_GTD_REC_CPT_3;5.9;7.99;CS-1b;;;
149;PIC02_GTD_REC_CPT_5;0;0.3;CS-1a;;;
150;PIC02_GTD_REC_CPT_5;0.3;2;CS-1a;;;
151;PIC02_GTD_REC_CPT_5;2;2.8;CS-1b;;;
152;PIC02_GTD_REC_CPT_5;2.8;3.2;CS-1b;;;
153;PIC02_GTD_REC_CPT_5;3.2;4;CS-1b;;;
154;PIC02_GTD_REC_CPT_5;4;5.6;CS-1b;;;
155;PIC02_GTD_REC_CPT_5;5.6;6.2;CS-1b;;;
156;PIC02_GTD_REC_CPT_5;6.2;8.1;CS-1b;;;
157;PIC02_GTD_REC_CPT_5;8.1;12.3;CS-1c;;;
158;PIC02_GTD_REC_CPT_5;12.3;13.1;CS-1c;;;
159;PIC02_GTD_REC_CPT_5;13.1;14;CS-1d;;;
160;PIC02_GTD_REC_CPT_5;14;14.4;CS-1d;;;
161;PIC02_GTD_REC_CPT_5;14.4;16;CS-1d;;;
162;PIC02_GTD_REC_CPT_5;16;16.37;CS-2a;;;
163;PIC02_GTD_PLT_CPT_P1;0;0.2;CS-1a;;;
164;PIC02_GTD_PLT_CPT_P1;0.2;1.2;CS-1a;;;
165;PIC02_GTD_PLT_CPT_P1;1.2;1.7;CS-1a;;;
166;PIC02_GTD_PLT_CPT_P1;1.7;4;CS-1b;;;
167;PIC02_GTD_PLT_CPT_P1;4;10;CS-1b;;;
168;PIC02_GTD_PLT_CPT_P1;10;12.69;CS-1c;;;
169;PIC02_GTD_PLT_CPT_P1a;0;1.2;CS-1a;;;
170;PIC02_GTD_PLT_CPT_P1a;1.2;1.7;CS-1a;;;
171;PIC02_GTD_PLT_CPT_P1a;1.7;4.5;CS-1b;;;
172;PIC02_GTD_PLT_CPT_P1a;4.5;6.04;CS-1b;;;
173;PIC02_GTD_PLT_CPT_P1b;0;1.7;CS-1a;;;
174;PIC02_GTD_PLT_CPT_P1b;1.7;3.8;CS-1b;;;
175;PIC02_GTD_PLT_CPT_P1b;3.8;4.2;CS-1b;;;
176;PIC02_GTD_PLT_CPT_P1b;4.2;10;CS-1b;;;
177;PIC02_GTD_PLT_CPT_P1b;10;12.8;CS-1c;;;
178;PIC02_GTD_PLT_CPT_P1b;12.8;14.6;CS-1d;;;
179;PIC02_GTD_PLT_CPT_P1b;14.6;16.28;CS-1d;;;
180;PIC02_GTD_PLT_CPT_P2;0;0.4;CS-1a;;;
181;PIC02_GTD_PLT_CPT_P2;0.4;1.4;CS-1a;;;
182;PIC02_GTD_PLT_CPT_P2;1.4;1.7;CS-1a;;;
183;PIC02_GTD_PLT_CPT_P2;1.7;3.3;CS-1b;;;
184;PIC02_GTD_PLT_CPT_P2;3.3;6.9;CS-1b;;;
185;PIC02_GTD_PLT_CPT_P2;6.9;11.6;CS-1c;;;
186;PIC02_GTD_PLT_CPT_P2;11.6;13.5;CS-1c;;;
187;PIC02_GTD_PLT_CPT_P2;13.5;15.36;CS-1d;;;
188;PIC02_GTD_PLT_CPT_P2;15.36;16.2;CS-2a;;;
189;PIC02_GTD_PLT_CPT_P2;16.2;16.5;CS-2c;;;
190;PIC02_GTD_PLT_CPT_P2;16.5;16.67;CS-2a;;;
191;PIC02_GTD_PLT_CPT_P3;0;0.4;CS-1a;;;
192;PIC02_GTD_PLT_CPT_P3;0.4;2;CS-1a;;;
193;PIC02_GTD_PLT_CPT_P3;2;2.5;CS-1b;;;
194;PIC02_GTD_PLT_CPT_P3;2.5;4.9;CS-1b;;;
195;PIC02_GTD_PLT_CPT_P3;4.9;5.3;CS-1b;;;
196;PIC02_GTD_PLT_CPT_P3;5.3;6;CS-1b;;;
197;PIC02_GTD_PLT_CPT_P3;6;7.2;CS-1c;;;
198;PIC02_GTD_PLT_CPT_P3;7.2;8;CS-1c;;;
199;PIC02_GTD_PLT_CPT_P3;8;12.6;CS-1c;;;
200;PIC02_GTD_PLT_CPT_P3;12.6;15.88;CS-1d;;;
201;PIC02_GTD_PLT_CPT_P3;15.88;16.4;CS-1d;;;
202;PIC02_GTD_PLT_CPT_P3;16.4;17.4;CS-2a;;;
203;PIC02_GTD_PLT_CPT_P3;17.4;18;CS-2a;;;
204;PIC02_GTD_PLT_CPT_P3;18;18.58;CS-2a;;;
205;PIC02_GTD_PLT_CPT_P4;0;0.4;CS-1a;;;
206;PIC02_GTD_PLT_CPT_P4;0.4;1.7;CS-1a;;;
207;PIC02_GTD_PLT_CPT_P4;1.7;5.8;CS-1b;;;
208;PIC02_GTD_PLT_CPT_P4;5.8;7.3;CS-1c;;;
209;PIC02_GTD_PLT_CPT_P4;7.3;7.8;CS-1c;;;
210;PIC02_GTD_PLT_CPT_P4;7.8;11.8;CS-1c;;;
211;PIC02_GTD_PLT_CPT_P4;11.8;13;CS-1c;;;
212;PIC02_GTD_PLT_CPT_P4;13;14;CS-1c;;;
213;PIC02_GTD_PLT_CPT_P4;14;15.4;CS-1d;;;
214;PIC02_GTD_PLT_CPT_P4;15.4;16.8;CS-1d;;;
215;PIC02_GTD_PLT_CPT_P4;16.8;17.5;CS-2a;;;
216;PIC02_GTD_PLT_CPT_P5;0;0.4;CS-1a;;;
217;PIC02_GTD_PLT_CPT_P5;0.4;1.7;CS-1a;;;
218;PIC02_GTD_PLT_CPT_P5;1.7;2.48;CS-1a;;;
219;PIC02_GTD_PLT_CPT_P5;2.48;3.3;CS-1a;;;
220;PIC02_GTD_PLT_CPT_P5;3.3;6.6;CS-1a;;;
221;PIC02_GTD_PLT_CPT_P5;6.6;7.9;CS-1b;;;
222;PIC02_GTD_PLT_CPT_P5;7.9;13;CS-1c;;;
223;PIC02_GTD_PLT_CPT_P5;13;14.2;CS-1d;;;
224;PIC02_GTD_PLT_CPT_P5;14.2;14.9;CS-1d;;;
225;PIC02_GTD_PLT_CPT_P5;14.9;15.4;CS-1d;;;
226;PIC02_GTD_PLT_CPT_P5;15.4;16.2;CS-2b;;;
227;PIC02_GTD_PLT_CPT_P5;16.2;17.4;CS-2a;;;
228;PIC02_GTD_PLT_CPT_P5;17.4;17.6;CS-2b;;;
229;PIC02_GTD_PLT_CPT_P5;17.6;18.3;CS-2a;;;
230;PIC02_GTD_PLT_CPT_P5;18.3;19.2;CS-2a;;;
231;PIC02_GTD_PLT_CPT_P5;19.2;19.6;CS-2b;;;
232;PIC02_GTD_PLT_CPT_P5;19.6;20;CS-2a;;;
233;PIC02_GTD_PLT_CPT_P6;0;0.4;CS-1a;;;
234;PIC02_GTD_PLT_CPT_P6;0.4;1.56;CS-1a;;;
235;PIC02_GTD_PLT_CPT_P6;1.56;2.5;CS-1b;;;
236;PIC02_GTD_PLT_CPT_P6;2.5;3;CS-1b;;;
237;PIC02_GTD_PLT_CPT_P6;3;4;CS-1b;;;
238;PIC02_GTD_PLT_CPT_P6;4;4.4;CS-1b;;;
239;PIC02_GTD_PLT_CPT_P6;4.4;4.9;CS-1b;;;
240;PIC02_GTD_PLT_CPT_P6;4.9;6;CS-1b;;;
241;PIC02_GTD_PLT_CPT_P6;6;8.9;CS-1c;;;
242;PIC02_GTD_PLT_CPT_P6;8.9;11.7;CS-1c;;;
243;PIC02_GTD_PLT_CPT_P6;11.7;13.3;CS-1c;;;
244;PIC02_GTD_PLT_CPT_P6;13.3;15.1;CS-1d;;;
245;PIC02_GTD_PLT_CPT_P6;15.1;17.3;CS-1d;;;
246;PIC02_GTD_PLT_CPT_P6;17.3;17.57;CS-2a;;;
247;PIC02_GTD_PLT_CPT_P7;0;1.1;CS-1a;;;
248;PIC02_GTD_PLT_CPT_P7;1.1;1.7;CS-1b;;;
249;PIC02_GTD_PLT_CPT_P7;1.7;3.4;CS-1b;;;
250;PIC02_GTD_PLT_CPT_P7;3.4;4.4;CS-1b;;;
251;PIC02_GTD_PLT_CPT_P7;4.4;6.6;CS-1b;;;
252;PIC02_GTD_PLT_CPT_P7;6.6;7;CS-1c;;;
253;PIC02_GTD_PLT_CPT_P7;7;9;CS-1c;;;
254;PIC02_GTD_PLT_CPT_P7;9;14.9;CS-1c;;;
255;PIC02_GTD_PLT_CPT_P7;14.9;15.66;CS-1d;;;
256;PIC02_GTD_PLT_CPT_P7;15.66;17.2;CS-2a;;;
257;PIC02_GTD_PLT_CPT_P7;17.2;17.4;CS-2a;;;
258;PIC02_GTD_PLT_CPT_P7;17.4;18.2;CS-2a;;;
259;PIC02_GTD_PLT_CPT_P7;18.2;19.7;CS-2a;;;
260;PIC02_GTD_PLT_CPT_P7;19.7;20;CS-2c;;;
261;PIC02_GTD_PLT_CPT_P7;20;20.16;CS-2a;;;
262;PIC02_GTD_PLT_CPT_P8;0;0.5;CS-1a;;;
263;PIC02_GTD_PLT_CPT_P8;0.5;1.7;CS-1a;;;
264;PIC02_GTD_PLT_CPT_P8;1.7;2.4;CS-1b;;;
265;PIC02_GTD_PLT_CPT_P8;2.4;3.7;CS-1b;;;
266;PIC02_GTD_PLT_CPT_P8;3.7;3.9;CS-1b;;;
267;PIC02_GTD_PLT_CPT_P8;3.9;7.1;CS-1b;;;
268;PIC02_GTD_PLT_CPT_P8;7.1;7.3;CS-1b;;;
269;PIC02_GTD_PLT_CPT_P8;7.3;7.8;CS-1b;;;
270;PIC02_GTD_PLT_CPT_P8;7.8;11.8;CS-1c;;;
271;PIC02_GTD_PLT_CPT_P8;11.8;12.1;CS-1c;;;
272;PIC02_GTD_PLT_CPT_P8;12.1;13.2;CS-1c;;;
273;PIC02_GTD_PLT_CPT_P8;13.2;15.56;CS-1d;;;
274;PIC02_GTD_PLT_CPT_P8;15.56;17.8;CS-1d;;;
275;PIC02_GTD_PLT_CPT_P8;17.8;18.2;CS-2c;;;
276;PIC02_GTD_PLT_CPT_P8;18.2;18.8;CS-2a;;;
277;PIC02_GTD_PLT_CPT_P8;18.8;19.8;CS-2c;;;
278;PIC02_GTD_PLT_CPT_P8;19.8;19.98;CS-2a;;;
279;PIC02_GTD_PLT_CPT_P9;0;0.4;CS-1a;;;
280;PIC02_GTD_PLT_CPT_P9;0.4;1.7;CS-1a;;;
281;PIC02_GTD_PLT_CPT_P9;1.7;3.3;CS-1a;;;
282;PIC02_GTD_PLT_CPT_P9;3.3;6.8;CS-1b;;;
283;PIC02_GTD_PLT_CPT_P9;6.8;10;CS-1c;;;
284;PIC02_GTD_PLT_CPT_P9;10;13;CS-1c;;;
285;PIC02_GTD_PLT_CPT_P9;13;14.3;CS-1d;;;
286;PIC02_GTD_PLT_CPT_P9;14.3;16;CS-2a;;;
287;PIC02_GTD_PLT_CPT_P9;16;17.94;CS-2a;;;
288;PIC02_GTD_PLT_CPT_P9;17.94;18.4;CS-2a;;;
289;PIC02_GTD_PLT_CPT_P9;18.4;20;CS-2c;;;
290;PIC02_GTD_PLT_CPT_P10;0;1.2;CS-1a;;;
291;PIC02_GTD_PLT_CPT_P10;1.2;1.7;CS-1a;;;
292;PIC02_GTD_PLT_CPT_P10;1.7;3.1;CS-1b;;;
293;PIC02_GTD_PLT_CPT_P10;3.1;4.4;CS-1b;;;
294;PIC02_GTD_PLT_CPT_P10;4.4;7.4;CS-1b;;;
295;PIC02_GTD_PLT_CPT_P10;7.4;7.7;CS-1c;;;
296;PIC02_GTD_PLT_CPT_P10;7.7;8.9;CS-1c;;;
297;PIC02_GTD_PLT_CPT_P10;8.9;12.8;CS-1c;;;
298;PIC02_GTD_PLT_CPT_P10;12.8;13.7;CS-1d;;;
299;PIC02_GTD_PLT_CPT_P10;13.7;14.4;CS-1d;;;
300;PIC02_GTD_PLT_CPT_P10;14.4;15.94;CS-1d;;;
301;PIC02_GTD_PLT_CPT_P10;15.94;18;CS-2a;;;
302;PIC02_GTD_PLT_CPT_P10;18;19.6;CS-2c;;;
303;PIC02_GTD_PLT_CPT_P10;19.6;19.97;CS-2a;;;
304;PIC02_GTD_PLT_CPT_P11;0;0.4;CS-1a;;;
305;PIC02_GTD_PLT_CPT_P11;0.4;1;CS-1a;;;
306;PIC02_GTD_PLT_CPT_P11;1;1.7;CS-1a;;;
307;PIC02_GTD_PLT_CPT_P11;1.7;2;CS-1b;;;
308;PIC02_GTD_PLT_CPT_P11;2;4;CS-1b;;;
309;PIC02_GTD_PLT_CPT_P11;4;4.6;CS-1b;;;
310;PIC02_GTD_PLT_CPT_P11;4.6;4.8;CS-1b;;;
311;PIC02_GTD_PLT_CPT_P11;4.8;5.9;CS-1b;;;
312;PIC02_GTD_PLT_CPT_P11;5.9;6.8;CS-1b;;;
313;PIC02_GTD_PLT_CPT_P11;6.8;7.7;CS-1b;;;
314;PIC02_GTD_PLT_CPT_P11;7.7;13.1;CS-1c;;;
315;PIC02_GTD_PLT_CPT_P11;13.1;13.7;CS-1c;;;
316;PIC02_GTD_PLT_CPT_P11;13.7;14.4;CS-1d;;;
317;PIC02_GTD_PLT_CPT_P11;14.4;15;CS-1d;;;
318;PIC02_GTD_PLT_CPT_P11;15;15.35;CS-2a;;;
319;PIC02_GTD_PLT_CPT_P11;15.35;16;CS-2a;;;
320;PIC02_GTD_PLT_CPT_P11;16;16.3;CS-2a;;;
321;PIC02_GTD_PLT_CPT_P12;0;0.6;CS-1a;;;
322;PIC02_GTD_PLT_CPT_P12;0.6;1.7;CS-1a;;;
323;PIC02_GTD_PLT_CPT_P12;1.7;4.1;CS-1b;;;
324;PIC02_GTD_PLT_CPT_P12;4.1;4.4;CS-1b;;;
325;PIC02_GTD_PLT_CPT_P12;4.4;7.1;CS-1b;;;
326;PIC02_GTD_PLT_CPT_P12;7.1;7.4;CS-1b;;;
327;PIC02_GTD_PLT_CPT_P12;7.4;7.7;CS-1b;;;
328;PIC02_GTD_PLT_CPT_P12;7.7;8.3;CS-1b;;;
329;PIC02_GTD_PLT_CPT_P12;8.3;10.9;CS-1c;;;
330;PIC02_GTD_PLT_CPT_P12;10.9;12.8;CS-1c;;;
331;PIC02_GTD_PLT_CPT_P12;12.8;14.2;CS-1c;;;
332;PIC02_GTD_PLT_CPT_P12;14.2;14.7;CS-1d;;;
333;PIC02_GTD_PLT_CPT_P12;14.7;15.72;CS-1d;;;
334;PIC02_GTD_PLT_CPT_P12;15.72;16.41;CS-2a;;;
335;PIC02_GTD_REC_SCPT_2;0;0.8;CS-1a;;;
336;PIC02_GTD_REC_SCPT_2;0.8;2.9;CS-1a;;;
337;PIC02_GTD_REC_SCPT_2;2.9;3.4;CS-1b;;;
338;PIC02_GTD_REC_SCPT_2;3.4;3.8;CS-1b;;;
339;PIC02_GTD_REC_SCPT_2;3.8;6.5;CS-1b;;;
340;PIC02_GTD_REC_SCPT_2;6.5;7.8;CS-1b;;;
341;PIC02_GTD_REC_SCPT_2;7.8;9;CS-1c;;;
342;PIC02_GTD_REC_SCPT_2;9;9.3;CS-1c;;;
343;PIC02_GTD_REC_SCPT_2;9.3;12;CS-1c;;;
344;PIC02_GTD_REC_SCPT_2;12;12.8;CS-1c;;;
345;PIC02_GTD_REC_SCPT_2;12.8;13;CS-1d;;;
346;PIC02_GTD_REC_SCPT_2;13;13.7;CS-1d;;;
347;PIC02_GTD_REC_SCPT_2;13.7;14.2;CS-1d;;;
348;PIC02_GTD_REC_SCPT_2;14.2;14.6;CS-1d;;;
349;PIC02_GTD_REC_SCPT_2;14.6;15.4;CS-2a;;;
350;PIC02_GTD_REC_SCPT_2;15.4;15.97;CS-2a;;;
351;PIC02_GTD_REC_SCPT_3;0;0.4;CS-1a;;;
352;PIC02_GTD_REC_SCPT_3;0.4;0.8;CS-1a;;;
353;PIC02_GTD_REC_SCPT_3;0.8;2.8;CS-1a;;;
354;PIC02_GTD_REC_SCPT_3;2.8;3;CS-1b;;;
355;PIC02_GTD_REC_SCPT_3;3;4.4;CS-1b;;;
356;PIC02_GTD_REC_SCPT_3;4.4;4.8;CS-1b;;;
357;PIC02_GTD_REC_SCPT_3;4.8;5.8;CS-1b;;;
358;PIC02_GTD_REC_SCPT_3;5.8;6.7;CS-1b;;;
359;PIC02_GTD_REC_SCPT_3;6.7;9;CS-1b;;;
360;PIC02_GTD_REC_SCPT_3;9;12.5;CS-1c;;;
361;PIC02_GTD_REC_SCPT_3;12.5;15.52;CS-1d;;;
362;PIC02_GTD_REC_SCPT_3;15.52;17.54;CS-2a;;;
363;PIC02_GTD_REC_SCPT_4;0;0.4;CS-1a;;;
364;PIC02_GTD_REC_SCPT_4;0.4;2;CS-1a;;;
365;PIC02_GTD_REC_SCPT_4;2;3;CS-1b;;;
366;PIC02_GTD_REC_SCPT_4;3;3.8;CS-1b;;;
367;PIC02_GTD_REC_SCPT_4;3.8;5.1;CS-1b;;;
368;PIC02_GTD_REC_SCPT_4;5.1;8;CS-1b;;;
369;PIC02_GTD_REC_SCPT_4;8;9.4;CS-1c;;;
370;PIC02_GTD_REC_SCPT_4a;0;0.4;CS-1a;;;
371;PIC02_GTD_REC_SCPT_4a;0.4;2;CS-1a;;;
372;PIC02_GTD_REC_SCPT_4a;2;5.6;CS-1b;;;
373;PIC02_GTD_REC_SCPT_4a;5.6;6.2;CS-1b;;;
374;PIC02_GTD_REC_SCPT_4a;6.2;8;CS-1b;;;
375;PIC02_GTD_REC_SCPT_4a;8;10.89;CS-1c;;;
376;PIC02_GTD_PLT_SCPT_P10;0;1;CS-1a;;;
377;PIC02_GTD_PLT_SCPT_P10;1;1.9;CS-1a;;;
378;PIC02_GTD_PLT_SCPT_P10;1.9;3;CS-1b;;;
379;PIC02_GTD_PLT_SCPT_P10;3;3.6;CS-1b;;;
380;PIC02_GTD_PLT_SCPT_P10;3.6;6;CS-1b;;;
381;PIC02_GTD_PLT_SCPT_P10;6;6.7;CS-1b;;;
382;PIC02_GTD_PLT_SCPT_P10;6.7;7.2;CS-1b;;;
383;PIC02_GTD_PLT_SCPT_P10;7.2;7.7;CS-1b;;;
384;PIC02_GTD_PLT_SCPT_P10;7.7;8.8;CS-1b;;;
385;PIC02_GTD_PLT_SCPT_P10;8.8;12.2;CS-1c;;;
386;PIC02_GTD_PLT_SCPT_P10;12.2;12.92;CS-1c;;;
387;PIC02_GTD_REC_BH_3;0;0.5;CS-1a;;;
388;PIC02_GTD_REC_BH_3;0.5;2.5;CS-1a;;;
389;PIC02_GTD_REC_BH_3;2.5;5.6;CS-1a;;;
390;PIC02_GTD_REC_BH_3;5.6;7;CS-1a;;;
391;PIC02_GTD_REC_BH_3;7;8;CS-1a;;;
392;PIC02_GTD_REC_BH_3;8;16;CS-1a;;;
393;PIC02_GTD_REC_BH_3;16;18.3;CS-1a;;;
394;PIC02_GTD_REC_BH_4;0;2.5;CS-1a;;;
395;PIC02_GTD_REC_BH_4;2.5;6;CS-1a;;;
396;PIC02_GTD_REC_BH_4;6;14;CS-1a;;;
397;PIC02_GTD_REC_BH_4;14;16;CS-1a;;;
398;PIC02_GTD_REC_BH_5;0;2.5;CS-1a;;;
399;PIC02_GTD_REC_BH_5;2.5;15;CS-1a;;;
400;PIC02_GTD_REC_BH_5;15;16;CS-1a;;;
401;PIC02_GTD_REC_BH_6;0;5;CS-1a;;;
402;PIC02_GTD_REC_BH_6;5;6;CS-1a;;;
403;PIC02_GTD_REC_BH_6;6;10.5;CS-1a;;;
404;PIC02_GTD_REC_BH_6;10.5;16.8;CS-1a;;;
405;PIC02_GTD_REC_BH_7;0;0.5;CS-1a;;;
406;PIC02_GTD_REC_BH_7;0.5;1;CS-1a;;;
407;PIC02_GTD_REC_BH_7;1;3;CS-1a;;;
408;PIC02_GTD_REC_BH_7;3;5;CS-1a;;;
409;PIC02_GTD_REC_BH_7;5;6;CS-1a;;;
410;PIC02_GTD_REC_BH_7;6;12;CS-1a;;;
411;PIC02_GTD_REC_BH_7;12;15.8;CS-1a;;;
412;PIC02_GTD_REC_BH_7;15.8;18;CS-1a;;;
413;PIC02_GTD_REC_EH_2;0;1;CS-1a;;;
414;PIC02_GTD_REC_EH_2;1;6;CS-1a;;;
415;PIC02_GTD_REC_EH_2;6;11;CS-1a;;;
416;PIC02_GTD_REC_EH_2;11;11.5;CS-1a;;;
417;PIC02_GTD_REC_EH_2;11.5;16.2;CS-1a;;;
418;PIC02_GTD_REC_EH_2;16.2;16.9;CS-1a;;;
419;PIC02_GTD_REC_EH_2;16.9;18.4;CS-1a;;;
420;PIC02_GTD_REC_EH_3;0;0.5;CS-1a;;;
421;PIC02_GTD_REC_EH_3;0.5;3.5;CS-1a;;;
422;PIC02_GTD_REC_EH_3;3.5;10.7;CS-1a;;;
423;PIC02_GTD_REC_EH_3;10.7;13.5;CS-1a;;;
424;PIC02_BATCH_B1;0;100;CS-1;;;
425;PIC02_GTD_REC_BATCH_B1;0;100;CS-1;;;
